﻿{"cameraMode":{"drawMode":0,"name":"Shaded","section":"Shading Mode"},"sceneLighting":true,"audioPlay":false,"sceneViewState":{"showFog":false,"showMaterialUpdate":false,"showSkybox":false,"showFlares":false,"showImageEffects":false,"showParticleSystems":false},"in2DMode":false,"pivot":{"x":2.5935304164886476,"y":0.054576627910137179,"z":1.1632962226867676},"rotation":{"x":-0.14318707585334779,"y":-0.6161003112792969,"z":0.11517459154129029,"w":-0.7659361362457275},"size":5.420339584350586,"orthographic":false}